method,metric,unit,condition,n,mean,sd,median,p95,p99,minimum,maximum
gatl_gateway,share_ns,ms,all_trials_actual_work,105,35.892819209523815,9.889929107863328,31.621482,61.640687799999995,63.489062919999995,30.467231,65.149821
gatl_gateway,reconstruct_ns,ms,all_trials_actual_work,105,5.228299828571428,3.008180351535896,5.726548,11.1125272,11.56722896,0.091822,11.632511
gatl_gateway,sender_non_share_ns,ms,all_trials_actual_work,105,0.1979876761904762,0.04443680100056,0.183129,0.3026912,0.3437418799999998,0.152133,0.354904
gatl_gateway,receiver_non_reconstruct_ns,ms,all_trials_actual_work,105,0.22336477142857142,0.061426268360039255,0.214957,0.3563824,0.4118112799999997,0.107721,0.438565
gatl_gateway,decapsulation_ns,ms,all_trials_actual_work,105,0.1483290857142857,0.08090421140841546,0.168729,0.2683594,0.28312003999999996,0.0,0.28823
gatl_uniform_3_5,share_ns,ms,all_trials_actual_work,105,52.141598952380946,14.882028119001529,45.55343,88.294562,90.54331544,43.711576,93.728189
gatl_uniform_3_5,reconstruct_ns,ms,all_trials_actual_work,105,10.015001438095238,3.883892455786376,9.177,18.192308,19.670562119999992,0.143939,21.856038
gatl_uniform_3_5,sender_non_share_ns,ms,all_trials_actual_work,105,0.21606875238095238,0.09822615702842452,0.191016,0.3163632,0.37897075999999963,0.164228,1.097202
gatl_uniform_3_5,receiver_non_reconstruct_ns,ms,all_trials_actual_work,105,0.24529600952380953,0.07738966940531126,0.233918,0.41367,0.4963008399999996,0.107877,0.513937
gatl_uniform_3_5,decapsulation_ns,ms,all_trials_actual_work,105,0.1824127904761905,0.055691697880228076,0.17389,0.28080279999999996,0.2941663599999999,0.0,0.314865
native,share_ns,ms,all_trials_actual_work,105,0.0034026476190476196,0.0007808325559317635,0.003408,0.004642199999999999,0.0049811199999999995,0.0018,0.005402
native,reconstruct_ns,ms,all_trials_actual_work,105,0.005583266666666667,0.0033185100319347055,0.006511,0.009181999999999997,0.010902039999999995,0.0,0.021868
native,sender_non_share_ns,ms,all_trials_actual_work,105,0.05197203809523809,0.014138566926974417,0.047106,0.08323359999999999,0.09772759999999996,0.034799,0.098737
native,receiver_non_reconstruct_ns,ms,all_trials_actual_work,105,0.04961931428571428,0.029783391070203193,0.05186,0.08732699999999999,0.12070819999999999,0.0,0.138463
native,decapsulation_ns,ms,all_trials_actual_work,105,0.1363612095238095,0.0755856000756879,0.151657,0.24395679999999997,0.25956363999999993,0.0,0.288744
replication,share_ns,ms,all_trials_actual_work,105,0.003547828571428571,0.0008973140310558341,0.003464,0.0052448,0.005551639999999999,0.002217,0.005696
replication,reconstruct_ns,ms,all_trials_actual_work,105,0.0075894000000000005,0.0020499911238081757,0.007142,0.011694199999999997,0.013136719999999996,0.005216,0.019349
replication,sender_non_share_ns,ms,all_trials_actual_work,105,0.15409175238095238,0.039519539291143685,0.138111,0.2389096,0.2616794,0.113729,0.262234
replication,receiver_non_reconstruct_ns,ms,all_trials_actual_work,105,0.1633538095238095,0.049281606644111235,0.15503,0.274369,0.29796764,0.081681,0.35709
replication,decapsulation_ns,ms,all_trials_actual_work,105,0.16958368571428573,0.03538139305164898,0.154122,0.25078399999999995,0.26026528,0.132271,0.261633
rs_2_5_gateway_check,share_ns,ms,all_trials_actual_work,105,13.742284514285714,4.286981310762762,11.720058,23.5453172,24.207061359999997,11.28124,25.693371
rs_2_5_gateway_check,reconstruct_ns,ms,all_trials_actual_work,105,3.3544712190476185,2.16818649995226,2.986814,7.844197399999999,8.36291044,0.011629,8.497691
rs_2_5_gateway_check,sender_non_share_ns,ms,all_trials_actual_work,105,0.17529277142857141,0.0533959694035365,0.150545,0.2852924,0.33859063999999983,0.119712,0.340303
rs_2_5_gateway_check,receiver_non_reconstruct_ns,ms,all_trials_actual_work,105,0.20662065714285716,0.07131158895970725,0.195909,0.337356,0.42752083999999957,0.093016,0.538704
rs_2_5_gateway_check,decapsulation_ns,ms,all_trials_actual_work,105,0.1471784761904762,0.08188279052344075,0.163779,0.2663598,0.3001570799999998,0.0,0.309928
rs_3_5,share_ns,ms,all_trials_actual_work,105,10.030513228571428,3.0334397996691087,8.562485,16.9875784,17.270785999999998,8.172606,18.272584
rs_3_5,reconstruct_ns,ms,all_trials_actual_work,105,5.795896685714286,2.481243367073662,5.015437,9.8190528,13.566339399999986,0.010438,14.091151
rs_3_5,sender_non_share_ns,ms,all_trials_actual_work,105,0.1701073333333333,0.05132425673984413,0.149337,0.26988819999999997,0.3161387999999998,0.113629,0.340501
rs_3_5,receiver_non_reconstruct_ns,ms,all_trials_actual_work,105,0.20898258095238095,0.06648520377176197,0.198411,0.35304579999999997,0.4061414399999999,0.088436,0.415128
rs_3_5,decapsulation_ns,ms,all_trials_actual_work,105,0.1753415238095238,0.05534979493449179,0.165502,0.2704618,0.2957664399999999,0.0,0.308814
shamir_3_5,share_ns,ms,all_trials_actual_work,105,52.54022677142858,14.745034406280487,45.934263,90.18475980000001,92.80235588,44.381849,94.226275
shamir_3_5,reconstruct_ns,ms,all_trials_actual_work,105,9.795218447619048,3.770821067832228,8.950008,17.743102800000003,18.311850039999996,0.01316,19.028717
shamir_3_5,sender_non_share_ns,ms,all_trials_actual_work,105,0.2141814380952381,0.045773780439352756,0.194019,0.3109746,0.33217595999999994,0.159023,0.368157
shamir_3_5,receiver_non_reconstruct_ns,ms,all_trials_actual_work,105,0.24377643809523808,0.12807856827879005,0.223373,0.400135,0.44998491999999995,0.102509,1.315739
shamir_3_5,decapsulation_ns,ms,all_trials_actual_work,105,0.18256737142857143,0.05667804257793738,0.172929,0.2795004,0.2981527599999999,0.0,0.312351
