method,scenario_id,n,successes,failures,observed,ci_low,ci_high,analytical_not_measured,observed_minus_analytical,analytical_inside_pointwise_ci
native,iid_p00,1071,1071,0,1.0,0.996426022843491,1.0,1.0,0.0,True
replication,iid_p00,1071,1071,0,1.0,0.996426022843491,1.0,1.0,0.0,True
rs_3_5,iid_p00,1071,1071,0,1.0,0.996426022843491,1.0,1.0,0.0,True
shamir_3_5,iid_p00,1071,1071,0,1.0,0.996426022843491,1.0,1.0,0.0,True
gatl_uniform_3_5,iid_p00,1071,1071,0,1.0,0.996426022843491,1.0,1.0,0.0,True
gatl_gateway,iid_p00,1071,1071,0,1.0,0.996426022843491,1.0,1.0,0.0,True
rs_2_5_gateway_check,iid_p00,1071,1071,0,1.0,0.996426022843491,1.0,1.0,0.0,True
native,iid_p05,1071,1011,60,0.9439775910364145,0.92855161751064,0.9562300330254571,0.9500000000000001,-0.006022408963585524,True
replication,iid_p05,1071,1071,0,1.0,0.996426022843491,1.0,0.9999996875000001,3.1249999987714716e-07,True
rs_3_5,iid_p05,1071,1071,0,1.0,0.996426022843491,1.0,0.9988418750000001,0.0011581249999998988,True
shamir_3_5,iid_p05,1071,1071,0,1.0,0.996426022843491,1.0,0.9988418750000001,0.0011581249999998988,True
gatl_uniform_3_5,iid_p05,1071,1071,0,1.0,0.996426022843491,1.0,0.9988418750000001,0.0011581249999998988,True
gatl_gateway,iid_p05,1071,1011,60,0.9439775910364145,0.92855161751064,0.9562300330254571,0.9499940625000001,-0.0060164714635855265,True
rs_2_5_gateway_check,iid_p05,1071,1011,60,0.9439775910364145,0.92855161751064,0.9562300330254571,0.9499940625000001,-0.0060164714635855265,True
native,iid_p10,1071,950,121,0.8870214752567693,0.8666625702746775,0.904613968415569,0.9000000000000001,-0.012978524743230802,True
replication,iid_p10,1071,1071,0,1.0,0.996426022843491,1.0,0.9999900000000002,9.999999999843467e-06,True
rs_3_5,iid_p10,1071,1065,6,0.9943977591036415,0.9878315969109027,0.9974299887018488,0.9914400000000002,0.0029577591036412665,True
shamir_3_5,iid_p10,1071,1065,6,0.9943977591036415,0.9878315969109027,0.9974299887018488,0.9914400000000002,0.0029577591036412665,True
gatl_uniform_3_5,iid_p10,1071,1065,6,0.9943977591036415,0.9878315969109027,0.9974299887018488,0.9914400000000002,0.0029577591036412665,True
gatl_gateway,iid_p10,1071,950,121,0.8870214752567693,0.8666625702746775,0.904613968415569,0.8999100000000002,-0.012888524743230878,True
rs_2_5_gateway_check,iid_p10,1071,950,121,0.8870214752567693,0.8666625702746775,0.904613968415569,0.8999100000000002,-0.012888524743230878,True
native,iid_p15,1071,895,176,0.8356676003734828,0.8122813662446645,0.856654497830471,0.8499999999999999,-0.014332399626517112,True
replication,iid_p15,1071,1071,0,1.0,0.996426022843491,1.0,0.9999240624999999,7.593750000012278e-05,True
rs_3_5,iid_p15,1071,1055,16,0.9850606909430439,0.9758705239839756,0.9907836662442104,0.9733881249999999,0.011672565943044,False
shamir_3_5,iid_p15,1071,1055,16,0.9850606909430439,0.9758705239839756,0.9907836662442104,0.9733881249999999,0.011672565943044,False
gatl_uniform_3_5,iid_p15,1071,1055,16,0.9850606909430439,0.9758705239839756,0.9907836662442104,0.9733881249999999,0.011672565943044,False
gatl_gateway,iid_p15,1071,895,176,0.8356676003734828,0.8122813662446645,0.856654497830471,0.8495696875,-0.013902087126517193,True
rs_2_5_gateway_check,iid_p15,1071,895,176,0.8356676003734828,0.8122813662446645,0.856654497830471,0.8495696875,-0.013902087126517193,True
native,iid_p20,1071,845,226,0.7889822595704948,0.7635343765428614,0.8123645106094456,0.8000000000000002,-0.011017740429505318,True
replication,iid_p20,1071,1071,0,1.0,0.996426022843491,1.0,0.99968,0.00031999999999998696,True
rs_3_5,iid_p20,1071,1019,52,0.9514472455648926,0.9368837058574129,0.9627838609863366,0.9420800000000001,0.009367245564892435,True
shamir_3_5,iid_p20,1071,1019,52,0.9514472455648926,0.9368837058574129,0.9627838609863366,0.9420800000000001,0.009367245564892435,True
gatl_uniform_3_5,iid_p20,1071,1019,52,0.9514472455648926,0.9368837058574129,0.9627838609863366,0.9420800000000001,0.009367245564892435,True
gatl_gateway,iid_p20,1071,845,226,0.7889822595704948,0.7635343765428614,0.8123645106094456,0.7987200000000001,-0.00973774042950526,True
rs_2_5_gateway_check,iid_p20,1071,845,226,0.7889822595704948,0.7635343765428614,0.8123645106094456,0.7987200000000001,-0.00973774042950526,True
native,iid_p25,1071,790,281,0.7376283846872083,0.7104655564473454,0.7630926560898506,0.75,-0.01237161531279174,True
replication,iid_p25,1071,1070,1,0.9990662931839402,0.9947301245039657,0.999835158801069,0.9990234375,4.285568394024608e-05,True
rs_3_5,iid_p25,1071,960,111,0.896358543417367,0.8766655114957318,0.9132184225790805,0.896484375,-0.00012583158263301808,True
shamir_3_5,iid_p25,1071,960,111,0.896358543417367,0.8766655114957318,0.9132184225790805,0.896484375,-0.00012583158263301808,True
gatl_uniform_3_5,iid_p25,1071,960,111,0.896358543417367,0.8766655114957318,0.9132184225790805,0.896484375,-0.00012583158263301808,True
gatl_gateway,iid_p25,1071,790,281,0.7376283846872083,0.7104655564473454,0.7630926560898506,0.7470703125,-0.00944192781279174,True
rs_2_5_gateway_check,iid_p25,1071,790,281,0.7376283846872083,0.7104655564473454,0.7630926560898506,0.7470703125,-0.00944192781279174,True
native,iid_p30,1071,732,339,0.6834733893557423,0.6550037185523178,0.7106316007543975,0.7,-0.016526610644257644,True
replication,iid_p30,1071,1069,2,0.9981325863678805,0.993216805405473,0.9994877383611048,0.99757,0.0005625863678805354,True
rs_3_5,iid_p30,1071,877,194,0.8188608776844071,0.794668756840247,0.8407737955426703,0.8369199999999999,-0.018059122315592813,True
shamir_3_5,iid_p30,1071,877,194,0.8188608776844071,0.794668756840247,0.8407737955426703,0.8369199999999999,-0.018059122315592813,True
gatl_uniform_3_5,iid_p30,1071,877,194,0.8188608776844071,0.794668756840247,0.8407737955426703,0.8369199999999999,-0.018059122315592813,True
gatl_gateway,iid_p30,1071,728,343,0.6797385620915033,0.6511955315999899,0.7069968295528991,0.6943299999999999,-0.014591437908496596,True
rs_2_5_gateway_check,iid_p30,1071,728,343,0.6797385620915033,0.6511955315999899,0.7069968295528991,0.6943299999999999,-0.014591437908496596,True
native,iid_p35,1071,673,398,0.6283846872082166,0.5990330017461178,0.65681868479166,0.65,-0.021615312791783414,True
replication,iid_p35,1071,1065,6,0.9943977591036415,0.9878315969109027,0.9974299887018488,0.9947478125,-0.0003500533963585184,True
rs_3_5,iid_p35,1071,789,282,0.7366946778711485,0.7095052347306087,0.7621922382681309,0.7648306250000001,-0.02813594712885159,False
shamir_3_5,iid_p35,1071,789,282,0.7366946778711485,0.7095052347306087,0.7621922382681309,0.7648306250000001,-0.02813594712885159,False
gatl_uniform_3_5,iid_p35,1071,789,282,0.7366946778711485,0.7095052347306087,0.7621922382681309,0.7648306250000001,-0.02813594712885159,False
gatl_gateway,iid_p35,1071,663,408,0.6190476190476191,0.5895872749361194,0.6476570162170928,0.6402459375,-0.02119831845238096,True
rs_2_5_gateway_check,iid_p35,1071,663,408,0.6190476190476191,0.5895872749361194,0.6476570162170928,0.6402459375,-0.02119831845238096,True
native,iid_p40,1071,625,446,0.5835667600373483,0.5537956501623131,0.6127405385295495,0.6,-0.01643323996265167,True
replication,iid_p40,1071,1057,14,0.9869281045751634,0.978178091885281,0.9921975774198181,0.98976,-0.002831895424836528,True
rs_3_5,iid_p40,1071,704,367,0.6573295985060691,0.6283887010448596,0.6851459111850718,0.68256,-0.025230401493930854,True
shamir_3_5,iid_p40,1071,704,367,0.6573295985060691,0.6283887010448596,0.6851459111850718,0.68256,-0.025230401493930854,True
gatl_uniform_3_5,iid_p40,1071,704,367,0.6573295985060691,0.6283887010448596,0.6851459111850718,0.68256,-0.025230401493930854,True
gatl_gateway,iid_p40,1071,609,462,0.5686274509803921,0.538772686466627,0.5979916696099304,0.5846399999999999,-0.016012549019607802,True
rs_2_5_gateway_check,iid_p40,1071,609,462,0.5686274509803921,0.538772686466627,0.5979916696099304,0.5846399999999999,-0.016012549019607802,True
native,iid_p45,1071,575,496,0.5368814192343604,0.5069393693797487,0.5665598423892856,0.55,-0.013118580765639654,True
replication,iid_p45,1071,1047,24,0.9775910364145658,0.9668725935053324,0.9848956804152009,0.9815471874999999,-0.003956151085434123,True
rs_3_5,iid_p45,1071,618,453,0.5770308123249299,0.54721971394732,0.6062912979753465,0.593126875,-0.016096062675070133,True
shamir_3_5,iid_p45,1071,618,453,0.5770308123249299,0.54721971394732,0.6062912979753465,0.593126875,-0.016096062675070133,True
gatl_uniform_3_5,iid_p45,1071,618,453,0.5770308123249299,0.54721971394732,0.6062912979753465,0.593126875,-0.016096062675070133,True
gatl_gateway,iid_p45,1071,551,520,0.5144724556489262,0.484541836062639,0.5442996267834377,0.5274465625,-0.012974106851073808,True
rs_2_5_gateway_check,iid_p45,1071,551,520,0.5144724556489262,0.484541836062639,0.5442996267834377,0.5274465625,-0.012974106851073808,True
native,iid_p50,1071,520,551,0.48552754435107376,0.4557003732165623,0.515458163937361,0.5,-0.014472455648926241,True
replication,iid_p50,1071,1033,38,0.9645191409897292,0.9516757258230084,0.9740421945591331,0.96875,-0.00423085901027076,True
rs_3_5,iid_p50,1071,510,561,0.47619047619047616,0.44641798447709075,0.5061331572922668,0.5,-0.023809523809523836,True
shamir_3_5,iid_p50,1071,510,561,0.47619047619047616,0.44641798447709075,0.5061331572922668,0.5,-0.023809523809523836,True
gatl_uniform_3_5,iid_p50,1071,510,561,0.47619047619047616,0.44641798447709075,0.5061331572922668,0.5,-0.023809523809523836,True
gatl_gateway,iid_p50,1071,495,576,0.46218487394957986,0.4325139540673502,0.49212609462515905,0.46875,-0.006565126050420145,True
rs_2_5_gateway_check,iid_p50,1071,495,576,0.46218487394957986,0.4325139540673502,0.49212609462515905,0.46875,-0.006565126050420145,True
native,iid_p55,1071,477,594,0.44537815126050423,0.41586025233298946,0.47528648466730167,0.44999999999999996,-0.004621848739495726,True
replication,iid_p55,1071,1011,60,0.9439775910364145,0.92855161751064,0.9562300330254571,0.9496715625,-0.005693971463585412,True
rs_3_5,iid_p55,1071,423,648,0.3949579831932773,0.36610669077959607,0.4245601111440404,0.4068731249999999,-0.011915141806722596,True
shamir_3_5,iid_p55,1071,423,648,0.3949579831932773,0.36610669077959607,0.4245601111440404,0.4068731249999999,-0.011915141806722596,True
gatl_uniform_3_5,iid_p55,1071,423,648,0.3949579831932773,0.36610669077959607,0.4245601111440404,0.4068731249999999,-0.011915141806722596,True
gatl_gateway,iid_p55,1071,442,629,0.4126984126984127,0.3835765628329334,0.4424442903213778,0.40882218749999993,0.0038762251984127416,True
rs_2_5_gateway_check,iid_p55,1071,442,629,0.4126984126984127,0.3835765628329334,0.4424442903213778,0.40882218749999993,0.0038762251984127416,True
native,iid_p60,1071,433,638,0.4042950513538749,0.3752964158709723,0.43397778143722987,0.4,0.004295051353874868,True
replication,iid_p60,1071,983,88,0.9178338001867413,0.8998552900546711,0.9328256534046419,0.9222400000000001,-0.004406199813258738,True
rs_3_5,iid_p60,1071,332,739,0.3099906629318394,0.2830125251560412,0.3383269787680478,0.31744000000000006,-0.007449337068160644,True
shamir_3_5,iid_p60,1071,332,739,0.3099906629318394,0.2830125251560412,0.3383269787680478,0.31744000000000006,-0.007449337068160644,True
gatl_uniform_3_5,iid_p60,1071,332,739,0.3099906629318394,0.2830125251560412,0.3383269787680478,0.31744000000000006,-0.007449337068160644,True
gatl_gateway,iid_p60,1071,388,683,0.3622782446311858,0.3340311491669467,0.39150976891070993,0.34816,0.014118244631185772,True
rs_2_5_gateway_check,iid_p60,1071,388,683,0.3622782446311858,0.3340311491669467,0.39150976891070993,0.34816,0.014118244631185772,True
native,heterogeneous_example,1071,950,121,0.8870214752567693,0.8666625702746775,0.904613968415569,0.9,-0.01297852474323069,True
replication,heterogeneous_example,1071,1071,0,1.0,0.996426022843491,1.0,0.9997375000000001,0.00026249999999994333,True
rs_3_5,heterogeneous_example,1071,1007,64,0.9402427637721755,0.9244115683991111,0.9529271239831597,0.9395125000000001,0.0007302637721754435,True
shamir_3_5,heterogeneous_example,1071,1007,64,0.9402427637721755,0.9244115683991111,0.9529271239831597,0.9395125000000001,0.0007302637721754435,True
gatl_uniform_3_5,heterogeneous_example,1071,1007,64,0.9402427637721755,0.9244115683991111,0.9529271239831597,0.9395125000000001,0.0007302637721754435,True
gatl_gateway,heterogeneous_example,1071,948,123,0.8851540616246498,0.8646670010771572,0.9028880585361762,0.8976375000000001,-0.012483438375350264,True
rs_2_5_gateway_check,heterogeneous_example,1071,948,123,0.8851540616246498,0.8646670010771572,0.9028880585361762,0.8976375000000001,-0.012483438375350264,True
native,shared_risk_matched_p20,1071,852,219,0.7955182072829131,0.7703271866607136,0.8185968772607893,0.8,-0.00448179271708693,True
replication,shared_risk_matched_p20,1071,1061,10,0.9906629318394025,0.982898152239946,0.9949204752189793,0.9887517146776406,0.0019112171617619023,True
rs_3_5,shared_risk_matched_p20,1071,933,138,0.8711484593837535,0.8497487607733111,0.8898952057631738,0.8638683127572017,0.007280146626551853,True
shamir_3_5,shared_risk_matched_p20,1071,933,138,0.8711484593837535,0.8497487607733111,0.8898952057631738,0.8638683127572017,0.007280146626551853,True
gatl_uniform_3_5,shared_risk_matched_p20,1071,933,138,0.8711484593837535,0.8497487607733111,0.8898952057631738,0.8638683127572017,0.007280146626551853,True
gatl_gateway,shared_risk_matched_p20,1071,849,222,0.7927170868347339,0.7674148179160357,0.8159270273900975,0.7989026063100138,-0.006185519475279899,True
rs_2_5_gateway_check,shared_risk_matched_p20,1071,849,222,0.7927170868347339,0.7674148179160357,0.8159270273900975,0.7989026063100138,-0.006185519475279899,True
